"series_id","surface"
0,"hard_tiles_large_space"
1,"concrete"
2,"tiled"
3,"carpet"
4,"soft_pvc"
5,"concrete"
6,"concrete"
7,"concrete"
8,"wood"
9,"concrete"
10,"soft_pvc"
11,"soft_pvc"
12,"hard_tiles_large_space"
13,"soft_tiles"
14,"tiled"
15,"wood"
16,"carpet"
17,"concrete"
18,"wood"
19,"hard_tiles_large_space"
20,"concrete"
21,"concrete"
22,"concrete"
23,"hard_tiles_large_space"
24,"concrete"
25,"wood"
26,"concrete"
27,"soft_pvc"
28,"wood"
29,"concrete"
30,"fine_concrete"
31,"soft_tiles"
32,"concrete"
33,"soft_pvc"
34,"concrete"
35,"soft_pvc"
36,"fine_concrete"
37,"tiled"
38,"soft_pvc"
39,"wood"
40,"carpet"
41,"soft_tiles"
42,"soft_pvc"
43,"wood"
44,"soft_pvc"
45,"soft_tiles"
46,"carpet"
47,"carpet"
48,"wood"
49,"wood"
50,"wood"
51,"concrete"
52,"fine_concrete"
53,"carpet"
54,"fine_concrete"
55,"wood"
56,"tiled"
57,"wood"
58,"tiled"
59,"concrete"
60,"fine_concrete"
61,"concrete"
62,"carpet"
63,"concrete"
64,"concrete"
65,"soft_pvc"
66,"concrete"
67,"soft_tiles"
68,"soft_pvc"
69,"tiled"
70,"tiled"
71,"soft_pvc"
72,"hard_tiles_large_space"
73,"wood"
74,"hard_tiles_large_space"
75,"fine_concrete"
76,"tiled"
77,"soft_pvc"
78,"concrete"
79,"soft_pvc"
80,"soft_tiles"
81,"tiled"
82,"wood"
83,"tiled"
84,"concrete"
85,"soft_tiles"
86,"concrete"
87,"concrete"
88,"wood"
89,"concrete"
90,"fine_concrete"
91,"concrete"
92,"soft_pvc"
93,"concrete"
94,"tiled"
95,"carpet"
96,"wood"
97,"concrete"
98,"soft_tiles"
99,"wood"
100,"hard_tiles_large_space"
101,"tiled"
102,"wood"
103,"wood"
104,"soft_pvc"
105,"concrete"
106,"soft_pvc"
107,"wood"
108,"wood"
109,"tiled"
110,"soft_pvc"
111,"hard_tiles_large_space"
112,"wood"
113,"fine_concrete"
114,"wood"
115,"soft_tiles"
116,"soft_tiles"
117,"soft_tiles"
118,"hard_tiles_large_space"
119,"concrete"
120,"wood"
121,"wood"
122,"concrete"
123,"concrete"
124,"wood"
125,"tiled"
126,"tiled"
127,"wood"
128,"soft_pvc"
129,"concrete"
130,"soft_tiles"
131,"wood"
132,"soft_pvc"
133,"wood"
134,"soft_pvc"
135,"concrete"
136,"soft_pvc"
137,"hard_tiles_large_space"
138,"concrete"
139,"concrete"
140,"soft_tiles"
141,"carpet"
142,"soft_pvc"
143,"fine_concrete"
144,"wood"
145,"tiled"
146,"concrete"
147,"concrete"
148,"hard_tiles_large_space"
149,"fine_concrete"
150,"wood"
151,"concrete"
152,"carpet"
153,"soft_tiles"
154,"concrete"
155,"soft_tiles"
156,"tiled"
157,"carpet"
158,"tiled"
159,"concrete"
160,"soft_pvc"
161,"hard_tiles_large_space"
162,"hard_tiles_large_space"
163,"hard_tiles_large_space"
164,"fine_concrete"
165,"soft_tiles"
166,"fine_concrete"
167,"hard_tiles_large_space"
168,"wood"
169,"hard_tiles_large_space"
170,"wood"
171,"hard_tiles_large_space"
172,"wood"
173,"soft_pvc"
174,"fine_concrete"
175,"concrete"
176,"concrete"
177,"tiled"
178,"concrete"
179,"carpet"
180,"carpet"
181,"fine_concrete"
182,"fine_concrete"
183,"hard_tiles_large_space"
184,"concrete"
185,"hard_tiles_large_space"
186,"tiled"
187,"soft_pvc"
188,"soft_pvc"
189,"soft_pvc"
190,"fine_concrete"
191,"wood"
192,"concrete"
193,"carpet"
194,"soft_pvc"
195,"concrete"
196,"wood"
197,"concrete"
198,"concrete"
199,"soft_tiles"
200,"hard_tiles_large_space"
201,"concrete"
202,"fine_concrete"
203,"hard_tiles_large_space"
204,"soft_tiles"
205,"concrete"
206,"soft_pvc"
207,"carpet"
208,"fine_concrete"
209,"hard_tiles_large_space"
210,"concrete"
211,"wood"
212,"soft_pvc"
213,"carpet"
214,"wood"
215,"soft_tiles"
216,"soft_tiles"
217,"fine_concrete"
218,"soft_pvc"
219,"concrete"
220,"wood"
221,"fine_concrete"
222,"hard_tiles_large_space"
223,"soft_pvc"
224,"concrete"
225,"fine_concrete"
226,"hard_tiles_large_space"
227,"concrete"
228,"fine_concrete"
229,"tiled"
230,"soft_pvc"
231,"fine_concrete"
232,"concrete"
233,"fine_concrete"
234,"concrete"
235,"soft_tiles"
236,"concrete"
237,"concrete"
238,"concrete"
239,"fine_concrete"
240,"wood"
241,"soft_pvc"
242,"tiled"
243,"wood"
244,"wood"
245,"tiled"
246,"wood"
247,"tiled"
248,"concrete"
249,"hard_tiles_large_space"
250,"tiled"
251,"wood"
252,"wood"
253,"wood"
254,"concrete"
255,"soft_tiles"
256,"fine_concrete"
257,"soft_pvc"
258,"fine_concrete"
259,"soft_tiles"
260,"concrete"
261,"soft_pvc"
262,"wood"
263,"concrete"
264,"concrete"
265,"wood"
266,"hard_tiles_large_space"
267,"tiled"
268,"tiled"
269,"fine_concrete"
270,"fine_concrete"
271,"soft_tiles"
272,"concrete"
273,"hard_tiles_large_space"
274,"soft_pvc"
275,"concrete"
276,"tiled"
277,"carpet"
278,"fine_concrete"
279,"soft_pvc"
280,"concrete"
281,"fine_concrete"
282,"soft_pvc"
283,"wood"
284,"wood"
285,"hard_tiles_large_space"
286,"soft_pvc"
287,"concrete"
288,"tiled"
289,"tiled"
290,"hard_tiles_large_space"
291,"hard_tiles_large_space"
292,"tiled"
293,"concrete"
294,"concrete"
295,"soft_pvc"
296,"soft_pvc"
297,"wood"
298,"soft_pvc"
299,"concrete"
300,"tiled"
301,"soft_tiles"
302,"wood"
303,"fine_concrete"
304,"hard_tiles_large_space"
305,"soft_pvc"
306,"tiled"
307,"hard_tiles_large_space"
308,"carpet"
309,"concrete"
310,"tiled"
311,"fine_concrete"
312,"soft_tiles"
313,"soft_pvc"
314,"concrete"
315,"wood"
316,"soft_pvc"
317,"wood"
318,"tiled"
319,"concrete"
320,"hard_tiles_large_space"
321,"soft_pvc"
322,"tiled"
323,"concrete"
324,"tiled"
325,"wood"
326,"hard_tiles_large_space"
327,"wood"
328,"concrete"
329,"wood"
330,"hard_tiles_large_space"
331,"concrete"
332,"tiled"
333,"soft_pvc"
334,"concrete"
335,"concrete"
336,"concrete"
337,"carpet"
338,"soft_pvc"
339,"wood"
340,"soft_pvc"
341,"hard_tiles_large_space"
342,"concrete"
343,"concrete"
344,"concrete"
345,"carpet"
346,"fine_concrete"
347,"soft_pvc"
348,"concrete"
349,"concrete"
350,"hard_tiles_large_space"
351,"soft_pvc"
352,"tiled"
353,"hard_tiles"
354,"wood"
355,"tiled"
356,"soft_pvc"
357,"concrete"
358,"wood"
359,"concrete"
360,"tiled"
361,"concrete"
362,"concrete"
363,"concrete"
364,"tiled"
365,"fine_concrete"
366,"fine_concrete"
367,"wood"
368,"fine_concrete"
369,"concrete"
370,"hard_tiles_large_space"
371,"wood"
372,"wood"
373,"concrete"
374,"wood"
375,"wood"
376,"soft_tiles"
377,"tiled"
378,"concrete"
379,"soft_pvc"
380,"soft_tiles"
381,"soft_tiles"
382,"fine_concrete"
383,"tiled"
384,"tiled"
385,"hard_tiles_large_space"
386,"hard_tiles_large_space"
387,"soft_tiles"
388,"tiled"
389,"tiled"
390,"soft_pvc"
391,"hard_tiles_large_space"
392,"concrete"
393,"soft_tiles"
394,"concrete"
395,"soft_tiles"
396,"concrete"
397,"soft_pvc"
398,"concrete"
399,"hard_tiles_large_space"
400,"hard_tiles_large_space"
401,"fine_concrete"
402,"carpet"
403,"wood"
404,"concrete"
405,"soft_tiles"
406,"carpet"
407,"soft_pvc"
408,"fine_concrete"
409,"soft_pvc"
410,"wood"
411,"carpet"
412,"carpet"
413,"wood"
414,"carpet"
415,"hard_tiles_large_space"
416,"soft_pvc"
417,"soft_pvc"
418,"soft_tiles"
419,"tiled"
420,"soft_tiles"
421,"wood"
422,"tiled"
423,"fine_concrete"
424,"wood"
425,"soft_pvc"
426,"tiled"
427,"soft_tiles"
428,"hard_tiles_large_space"
429,"concrete"
430,"wood"
431,"tiled"
432,"wood"
433,"hard_tiles_large_space"
434,"concrete"
435,"wood"
436,"concrete"
437,"soft_tiles"
438,"carpet"
439,"wood"
440,"concrete"
441,"soft_tiles"
442,"soft_pvc"
443,"wood"
444,"wood"
445,"wood"
446,"hard_tiles_large_space"
447,"concrete"
448,"wood"
449,"wood"
450,"fine_concrete"
451,"concrete"
452,"wood"
453,"wood"
454,"soft_tiles"
455,"concrete"
456,"concrete"
457,"soft_pvc"
458,"soft_pvc"
459,"wood"
460,"soft_tiles"
461,"concrete"
462,"tiled"
463,"wood"
464,"fine_concrete"
465,"concrete"
466,"concrete"
467,"soft_tiles"
468,"soft_tiles"
469,"soft_tiles"
470,"wood"
471,"carpet"
472,"hard_tiles_large_space"
473,"tiled"
474,"soft_tiles"
475,"wood"
476,"wood"
477,"concrete"
478,"soft_pvc"
479,"fine_concrete"
480,"fine_concrete"
481,"concrete"
482,"concrete"
483,"concrete"
484,"wood"
485,"soft_pvc"
486,"hard_tiles_large_space"
487,"concrete"
488,"fine_concrete"
489,"concrete"
490,"wood"
491,"wood"
492,"concrete"
493,"concrete"
494,"fine_concrete"
495,"carpet"
496,"wood"
497,"concrete"
498,"concrete"
499,"wood"
500,"carpet"
501,"carpet"
502,"tiled"
503,"tiled"
504,"soft_pvc"
505,"fine_concrete"
506,"concrete"
507,"concrete"
508,"wood"
509,"soft_tiles"
510,"concrete"
511,"wood"
512,"concrete"
513,"soft_tiles"
514,"wood"
515,"tiled"
516,"soft_pvc"
517,"wood"
518,"tiled"
519,"wood"
520,"soft_pvc"
521,"soft_tiles"
522,"hard_tiles_large_space"
523,"soft_pvc"
524,"concrete"
525,"hard_tiles_large_space"
526,"tiled"
527,"tiled"
528,"wood"
529,"concrete"
530,"soft_pvc"
531,"fine_concrete"
532,"wood"
533,"soft_tiles"
534,"concrete"
535,"hard_tiles_large_space"
536,"concrete"
537,"wood"
538,"concrete"
539,"wood"
540,"tiled"
541,"soft_tiles"
542,"soft_pvc"
543,"concrete"
544,"soft_tiles"
545,"concrete"
546,"wood"
547,"soft_pvc"
548,"concrete"
549,"wood"
550,"carpet"
551,"concrete"
552,"concrete"
553,"concrete"
554,"soft_tiles"
555,"concrete"
556,"wood"
557,"carpet"
558,"concrete"
559,"soft_pvc"
560,"fine_concrete"
561,"soft_pvc"
562,"soft_pvc"
563,"concrete"
564,"concrete"
565,"tiled"
566,"tiled"
567,"carpet"
568,"wood"
569,"wood"
570,"tiled"
571,"concrete"
572,"wood"
573,"soft_pvc"
574,"wood"
575,"wood"
576,"concrete"
577,"concrete"
578,"hard_tiles_large_space"
579,"concrete"
580,"soft_tiles"
581,"concrete"
582,"carpet"
583,"soft_tiles"
584,"concrete"
585,"fine_concrete"
586,"fine_concrete"
587,"soft_pvc"
588,"fine_concrete"
589,"concrete"
590,"tiled"
591,"tiled"
592,"fine_concrete"
593,"concrete"
594,"hard_tiles_large_space"
595,"hard_tiles_large_space"
596,"concrete"
597,"wood"
598,"tiled"
599,"concrete"
600,"wood"
601,"carpet"
602,"concrete"
603,"soft_tiles"
604,"wood"
605,"hard_tiles_large_space"
606,"concrete"
607,"hard_tiles_large_space"
608,"wood"
609,"soft_pvc"
610,"hard_tiles_large_space"
611,"wood"
612,"soft_pvc"
613,"wood"
614,"fine_concrete"
615,"fine_concrete"
616,"hard_tiles_large_space"
617,"carpet"
618,"soft_pvc"
619,"soft_tiles"
620,"concrete"
621,"concrete"
622,"soft_pvc"
623,"wood"
624,"concrete"
625,"wood"
626,"wood"
627,"soft_pvc"
628,"concrete"
629,"soft_tiles"
630,"concrete"
631,"fine_concrete"
632,"wood"
633,"wood"
634,"carpet"
635,"concrete"
636,"wood"
637,"concrete"
638,"concrete"
639,"concrete"
640,"soft_pvc"
641,"tiled"
642,"concrete"
643,"tiled"
644,"soft_pvc"
645,"wood"
646,"wood"
647,"concrete"
648,"soft_pvc"
649,"hard_tiles_large_space"
650,"wood"
651,"fine_concrete"
652,"concrete"
653,"wood"
654,"soft_pvc"
655,"wood"
656,"tiled"
657,"wood"
658,"soft_tiles"
659,"concrete"
660,"soft_pvc"
661,"concrete"
662,"wood"
663,"concrete"
664,"concrete"
665,"tiled"
666,"concrete"
667,"tiled"
668,"concrete"
669,"wood"
670,"fine_concrete"
671,"fine_concrete"
672,"tiled"
673,"concrete"
674,"tiled"
675,"concrete"
676,"wood"
677,"concrete"
678,"soft_pvc"
679,"wood"
680,"concrete"
681,"carpet"
682,"soft_pvc"
683,"concrete"
684,"soft_tiles"
685,"wood"
686,"wood"
687,"tiled"
688,"fine_concrete"
689,"wood"
690,"tiled"
691,"concrete"
692,"wood"
693,"wood"
694,"soft_pvc"
695,"fine_concrete"
696,"fine_concrete"
697,"wood"
698,"soft_tiles"
699,"fine_concrete"
700,"wood"
701,"concrete"
702,"soft_pvc"
703,"tiled"
704,"soft_tiles"
705,"hard_tiles"
706,"tiled"
707,"soft_pvc"
708,"hard_tiles_large_space"
709,"soft_pvc"
710,"wood"
711,"tiled"
712,"concrete"
713,"soft_pvc"
714,"wood"
715,"hard_tiles_large_space"
716,"concrete"
717,"soft_pvc"
718,"tiled"
719,"wood"
720,"soft_tiles"
721,"soft_pvc"
722,"soft_pvc"
723,"concrete"
724,"soft_tiles"
725,"concrete"
726,"concrete"
727,"wood"
728,"wood"
729,"wood"
730,"tiled"
731,"hard_tiles_large_space"
732,"wood"
733,"concrete"
734,"concrete"
735,"concrete"
736,"concrete"
737,"hard_tiles_large_space"
738,"wood"
739,"soft_pvc"
740,"hard_tiles_large_space"
741,"fine_concrete"
742,"concrete"
743,"wood"
744,"soft_pvc"
745,"soft_tiles"
746,"concrete"
747,"concrete"
748,"concrete"
749,"fine_concrete"
750,"soft_tiles"
751,"wood"
752,"concrete"
753,"concrete"
754,"soft_pvc"
755,"hard_tiles_large_space"
756,"concrete"
757,"soft_tiles"
758,"wood"
759,"concrete"
760,"fine_concrete"
761,"soft_tiles"
762,"concrete"
763,"soft_tiles"
764,"soft_tiles"
765,"hard_tiles_large_space"
766,"wood"
767,"concrete"
768,"wood"
769,"fine_concrete"
770,"wood"
771,"concrete"
772,"fine_concrete"
773,"wood"
774,"carpet"
775,"soft_pvc"
776,"concrete"
777,"concrete"
778,"concrete"
779,"concrete"
780,"wood"
781,"concrete"
782,"wood"
783,"soft_tiles"
784,"soft_tiles"
785,"hard_tiles_large_space"
786,"soft_pvc"
787,"fine_concrete"
788,"soft_tiles"
789,"concrete"
790,"tiled"
791,"wood"
792,"wood"
793,"concrete"
794,"wood"
795,"wood"
796,"hard_tiles_large_space"
797,"wood"
798,"wood"
799,"concrete"
800,"soft_pvc"
801,"concrete"
802,"fine_concrete"
803,"concrete"
804,"wood"
805,"fine_concrete"
806,"concrete"
807,"tiled"
808,"concrete"
809,"concrete"
810,"soft_pvc"
811,"wood"
812,"soft_tiles"
813,"concrete"
814,"carpet"
815,"soft_pvc"
816,"wood"
817,"soft_tiles"
818,"soft_pvc"
819,"soft_pvc"
820,"wood"
821,"concrete"
822,"concrete"
823,"wood"
824,"concrete"
825,"wood"
826,"soft_tiles"
827,"concrete"
828,"hard_tiles_large_space"
829,"concrete"
830,"fine_concrete"
831,"concrete"
832,"soft_tiles"
833,"wood"
834,"wood"
835,"concrete"
836,"soft_pvc"
837,"soft_pvc"
838,"wood"
839,"tiled"
840,"soft_tiles"
841,"wood"
842,"tiled"
843,"fine_concrete"
844,"soft_pvc"
845,"concrete"
846,"soft_pvc"
847,"concrete"
848,"tiled"
849,"wood"
850,"fine_concrete"
851,"wood"
852,"hard_tiles_large_space"
853,"concrete"
854,"concrete"
855,"concrete"
856,"soft_tiles"
857,"fine_concrete"
858,"concrete"
859,"concrete"
860,"wood"
861,"soft_tiles"
862,"fine_concrete"
863,"hard_tiles_large_space"
864,"tiled"
865,"concrete"
866,"concrete"
867,"soft_tiles"
868,"concrete"
869,"tiled"
870,"soft_tiles"
871,"concrete"
872,"tiled"
873,"tiled"
874,"hard_tiles_large_space"
875,"carpet"
876,"tiled"
877,"fine_concrete"
878,"tiled"
879,"hard_tiles_large_space"
880,"soft_pvc"
881,"soft_pvc"
882,"soft_tiles"
883,"wood"
884,"soft_tiles"
885,"wood"
886,"concrete"
887,"tiled"
888,"soft_pvc"
889,"soft_pvc"
890,"tiled"
891,"soft_pvc"
892,"soft_pvc"
893,"concrete"
894,"hard_tiles_large_space"
895,"soft_pvc"
896,"wood"
897,"concrete"
898,"tiled"
899,"fine_concrete"
900,"wood"
901,"wood"
902,"hard_tiles_large_space"
903,"hard_tiles_large_space"
904,"tiled"
905,"hard_tiles_large_space"
906,"wood"
907,"wood"
908,"hard_tiles_large_space"
909,"fine_concrete"
910,"concrete"
911,"concrete"
912,"concrete"
913,"fine_concrete"
914,"wood"
915,"wood"
916,"carpet"
917,"tiled"
918,"concrete"
919,"soft_tiles"
920,"soft_pvc"
921,"soft_pvc"
922,"hard_tiles_large_space"
923,"carpet"
924,"concrete"
925,"concrete"
926,"soft_pvc"
927,"hard_tiles_large_space"
928,"wood"
929,"tiled"
930,"hard_tiles_large_space"
931,"tiled"
932,"wood"
933,"concrete"
934,"concrete"
935,"concrete"
936,"soft_pvc"
937,"concrete"
938,"concrete"
939,"wood"
940,"concrete"
941,"tiled"
942,"soft_pvc"
943,"wood"
944,"hard_tiles_large_space"
945,"hard_tiles_large_space"
946,"wood"
947,"soft_pvc"
948,"soft_pvc"
949,"hard_tiles_large_space"
950,"concrete"
951,"soft_pvc"
952,"fine_concrete"
953,"fine_concrete"
954,"concrete"
955,"soft_pvc"
956,"wood"
957,"wood"
958,"soft_tiles"
959,"soft_pvc"
960,"soft_pvc"
961,"soft_pvc"
962,"tiled"
963,"soft_pvc"
964,"soft_pvc"
965,"soft_tiles"
966,"concrete"
967,"soft_pvc"
968,"hard_tiles_large_space"
969,"wood"
970,"soft_pvc"
971,"concrete"
972,"soft_tiles"
973,"concrete"
974,"concrete"
975,"soft_pvc"
976,"concrete"
977,"fine_concrete"
978,"concrete"
979,"concrete"
980,"wood"
981,"wood"
982,"wood"
983,"soft_tiles"
984,"concrete"
985,"concrete"
986,"concrete"
987,"wood"
988,"concrete"
989,"soft_pvc"
990,"concrete"
991,"fine_concrete"
992,"concrete"
993,"tiled"
994,"concrete"
995,"wood"
996,"concrete"
997,"fine_concrete"
998,"tiled"
999,"fine_concrete"
1000,"concrete"
1001,"concrete"
1002,"concrete"
1003,"hard_tiles_large_space"
1004,"concrete"
1005,"fine_concrete"
1006,"soft_pvc"
1007,"wood"
1008,"hard_tiles_large_space"
1009,"tiled"
1010,"concrete"
1011,"concrete"
1012,"wood"
1013,"soft_pvc"
1014,"concrete"
1015,"tiled"
1016,"tiled"
1017,"concrete"
1018,"wood"
1019,"wood"
1020,"wood"
1021,"hard_tiles_large_space"
1022,"tiled"
1023,"concrete"
1024,"soft_tiles"
1025,"carpet"
1026,"wood"
1027,"soft_pvc"
1028,"concrete"
1029,"wood"
1030,"hard_tiles_large_space"
1031,"hard_tiles_large_space"
1032,"concrete"
1033,"wood"
1034,"hard_tiles_large_space"
1035,"carpet"
1036,"fine_concrete"
1037,"concrete"
1038,"wood"
1039,"hard_tiles_large_space"
1040,"fine_concrete"
1041,"concrete"
1042,"wood"
1043,"soft_pvc"
1044,"concrete"
1045,"wood"
1046,"concrete"
1047,"wood"
1048,"concrete"
1049,"soft_pvc"
1050,"hard_tiles_large_space"
1051,"wood"
1052,"wood"
1053,"concrete"
1054,"soft_pvc"
1055,"soft_tiles"
1056,"soft_pvc"
1057,"fine_concrete"
1058,"wood"
1059,"wood"
1060,"wood"
1061,"soft_pvc"
1062,"hard_tiles_large_space"
1063,"hard_tiles_large_space"
1064,"wood"
1065,"fine_concrete"
1066,"wood"
1067,"tiled"
1068,"concrete"
1069,"soft_tiles"
1070,"hard_tiles_large_space"
1071,"soft_pvc"
1072,"soft_pvc"
1073,"concrete"
1074,"wood"
1075,"carpet"
1076,"wood"
1077,"concrete"
1078,"soft_pvc"
1079,"soft_pvc"
1080,"soft_tiles"
1081,"hard_tiles_large_space"
1082,"concrete"
1083,"fine_concrete"
1084,"concrete"
1085,"tiled"
1086,"hard_tiles_large_space"
1087,"soft_pvc"
1088,"carpet"
1089,"soft_pvc"
1090,"wood"
1091,"wood"
1092,"tiled"
1093,"tiled"
1094,"hard_tiles_large_space"
1095,"tiled"
1096,"wood"
1097,"hard_tiles_large_space"
1098,"tiled"
1099,"concrete"
1100,"soft_tiles"
1101,"soft_pvc"
1102,"soft_pvc"
1103,"wood"
1104,"concrete"
1105,"fine_concrete"
1106,"soft_pvc"
1107,"soft_pvc"
1108,"wood"
1109,"carpet"
1110,"carpet"
1111,"soft_tiles"
1112,"soft_pvc"
1113,"fine_concrete"
1114,"fine_concrete"
1115,"soft_pvc"
1116,"carpet"
1117,"concrete"
1118,"concrete"
1119,"fine_concrete"
1120,"tiled"
1121,"soft_pvc"
1122,"soft_pvc"
1123,"soft_pvc"
1124,"tiled"
1125,"concrete"
1126,"concrete"
1127,"hard_tiles_large_space"
1128,"soft_tiles"
1129,"concrete"
1130,"soft_tiles"
1131,"soft_pvc"
1132,"concrete"
1133,"carpet"
1134,"concrete"
1135,"soft_pvc"
1136,"tiled"
1137,"wood"
1138,"soft_tiles"
1139,"concrete"
1140,"soft_tiles"
1141,"concrete"
1142,"hard_tiles_large_space"
1143,"wood"
1144,"soft_pvc"
1145,"soft_pvc"
1146,"concrete"
1147,"concrete"
1148,"concrete"
1149,"carpet"
1150,"wood"
1151,"hard_tiles_large_space"
1152,"concrete"
1153,"fine_concrete"
1154,"soft_pvc"
1155,"concrete"
1156,"soft_pvc"
1157,"tiled"
1158,"carpet"
1159,"fine_concrete"
1160,"carpet"
1161,"carpet"
1162,"carpet"
1163,"concrete"
1164,"concrete"
1165,"wood"
1166,"soft_pvc"
1167,"concrete"
1168,"soft_pvc"
1169,"wood"
1170,"hard_tiles_large_space"
1171,"wood"
1172,"hard_tiles_large_space"
1173,"wood"
1174,"soft_pvc"
1175,"wood"
1176,"hard_tiles_large_space"
1177,"wood"
1178,"tiled"
1179,"hard_tiles_large_space"
1180,"tiled"
1181,"soft_tiles"
1182,"fine_concrete"
1183,"concrete"
1184,"soft_tiles"
1185,"hard_tiles_large_space"
1186,"tiled"
1187,"concrete"
1188,"tiled"
1189,"soft_tiles"
1190,"hard_tiles_large_space"
1191,"soft_tiles"
1192,"tiled"
1193,"soft_tiles"
1194,"wood"
1195,"wood"
1196,"wood"
1197,"concrete"
1198,"wood"
1199,"concrete"
1200,"tiled"
1201,"concrete"
1202,"wood"
1203,"concrete"
1204,"concrete"
1205,"soft_pvc"
1206,"wood"
1207,"soft_tiles"
1208,"soft_pvc"
1209,"soft_tiles"
1210,"fine_concrete"
1211,"tiled"
1212,"fine_concrete"
1213,"soft_tiles"
1214,"concrete"
1215,"wood"
1216,"hard_tiles_large_space"
1217,"carpet"
1218,"concrete"
1219,"wood"
1220,"soft_pvc"
1221,"soft_pvc"
1222,"fine_concrete"
1223,"soft_pvc"
1224,"soft_tiles"
1225,"soft_pvc"
1226,"soft_pvc"
1227,"concrete"
1228,"wood"
1229,"wood"
1230,"soft_pvc"
1231,"concrete"
1232,"soft_pvc"
1233,"wood"
1234,"hard_tiles_large_space"
1235,"wood"
1236,"soft_pvc"
1237,"tiled"
1238,"concrete"
1239,"concrete"
1240,"concrete"
1241,"wood"
1242,"wood"
1243,"carpet"
1244,"soft_pvc"
1245,"tiled"
1246,"concrete"
1247,"tiled"
1248,"concrete"
1249,"concrete"
1250,"soft_tiles"
1251,"concrete"
1252,"hard_tiles_large_space"
1253,"fine_concrete"
1254,"wood"
1255,"concrete"
1256,"soft_pvc"
1257,"concrete"
1258,"concrete"
1259,"concrete"
1260,"wood"
1261,"hard_tiles_large_space"
1262,"fine_concrete"
1263,"concrete"
1264,"concrete"
1265,"fine_concrete"
1266,"concrete"
1267,"wood"
1268,"soft_pvc"
1269,"concrete"
1270,"carpet"
1271,"hard_tiles_large_space"
1272,"fine_concrete"
1273,"wood"
1274,"soft_pvc"
1275,"fine_concrete"
1276,"wood"
1277,"concrete"
1278,"tiled"
1279,"concrete"
1280,"concrete"
1281,"tiled"
1282,"concrete"
1283,"soft_pvc"
1284,"soft_pvc"
1285,"hard_tiles_large_space"
1286,"tiled"
1287,"concrete"
1288,"soft_tiles"
1289,"wood"
1290,"concrete"
1291,"concrete"
1292,"wood"
1293,"concrete"
1294,"fine_concrete"
1295,"tiled"
1296,"hard_tiles_large_space"
1297,"soft_pvc"
1298,"concrete"
1299,"concrete"
1300,"wood"
1301,"fine_concrete"
1302,"concrete"
1303,"soft_pvc"
1304,"concrete"
1305,"concrete"
1306,"concrete"
1307,"concrete"
1308,"tiled"
1309,"concrete"
1310,"concrete"
1311,"concrete"
1312,"concrete"
1313,"fine_concrete"
1314,"soft_pvc"
1315,"wood"
1316,"carpet"
1317,"hard_tiles_large_space"
1318,"wood"
1319,"tiled"
1320,"tiled"
1321,"carpet"
1322,"soft_tiles"
1323,"concrete"
1324,"soft_pvc"
1325,"concrete"
1326,"concrete"
1327,"soft_pvc"
1328,"soft_pvc"
1329,"concrete"
1330,"tiled"
1331,"soft_tiles"
1332,"carpet"
1333,"concrete"
1334,"concrete"
1335,"hard_tiles_large_space"
1336,"carpet"
1337,"tiled"
1338,"hard_tiles_large_space"
1339,"wood"
1340,"fine_concrete"
1341,"carpet"
1342,"concrete"
1343,"soft_tiles"
1344,"concrete"
1345,"fine_concrete"
1346,"soft_pvc"
1347,"soft_pvc"
1348,"tiled"
1349,"hard_tiles_large_space"
1350,"hard_tiles_large_space"
1351,"concrete"
1352,"concrete"
1353,"fine_concrete"
1354,"soft_tiles"
1355,"concrete"
1356,"soft_tiles"
1357,"concrete"
1358,"concrete"
1359,"wood"
1360,"carpet"
1361,"hard_tiles_large_space"
1362,"hard_tiles_large_space"
1363,"wood"
1364,"concrete"
1365,"tiled"
1366,"hard_tiles_large_space"
1367,"soft_tiles"
1368,"tiled"
1369,"soft_tiles"
1370,"soft_pvc"
1371,"soft_pvc"
1372,"wood"
1373,"soft_tiles"
1374,"concrete"
1375,"tiled"
1376,"concrete"
1377,"tiled"
1378,"wood"
1379,"tiled"
1380,"fine_concrete"
1381,"tiled"
1382,"soft_pvc"
1383,"hard_tiles_large_space"
1384,"concrete"
1385,"wood"
1386,"concrete"
1387,"fine_concrete"
1388,"wood"
1389,"carpet"
1390,"fine_concrete"
1391,"carpet"
1392,"fine_concrete"
1393,"fine_concrete"
1394,"concrete"
1395,"concrete"
1396,"carpet"
1397,"concrete"
1398,"soft_pvc"
1399,"hard_tiles_large_space"
1400,"soft_pvc"
1401,"concrete"
1402,"soft_pvc"
1403,"soft_pvc"
1404,"wood"
1405,"concrete"
1406,"hard_tiles_large_space"
1407,"concrete"
1408,"tiled"
1409,"wood"
1410,"concrete"
1411,"carpet"
1412,"concrete"
1413,"soft_pvc"
1414,"soft_pvc"
1415,"soft_tiles"
1416,"soft_pvc"
1417,"fine_concrete"
1418,"fine_concrete"
1419,"tiled"
1420,"soft_pvc"
1421,"wood"
1422,"wood"
1423,"soft_pvc"
1424,"concrete"
1425,"soft_pvc"
1426,"soft_tiles"
1427,"hard_tiles_large_space"
1428,"carpet"
1429,"concrete"
1430,"concrete"
1431,"concrete"
1432,"concrete"
1433,"soft_tiles"
1434,"concrete"
1435,"wood"
1436,"tiled"
1437,"hard_tiles_large_space"
1438,"fine_concrete"
1439,"soft_pvc"
1440,"fine_concrete"
1441,"soft_pvc"
1442,"soft_pvc"
1443,"soft_pvc"
1444,"wood"
1445,"wood"
1446,"soft_tiles"
1447,"hard_tiles_large_space"
1448,"concrete"
1449,"concrete"
1450,"concrete"
1451,"hard_tiles"
1452,"concrete"
1453,"wood"
1454,"wood"
1455,"carpet"
1456,"hard_tiles_large_space"
1457,"soft_pvc"
1458,"concrete"
1459,"concrete"
1460,"fine_concrete"
1461,"soft_pvc"
1462,"fine_concrete"
1463,"soft_tiles"
1464,"tiled"
1465,"tiled"
1466,"tiled"
1467,"wood"
1468,"soft_pvc"
1469,"soft_pvc"
1470,"soft_pvc"
1471,"concrete"
1472,"soft_pvc"
1473,"concrete"
1474,"hard_tiles_large_space"
1475,"concrete"
1476,"fine_concrete"
1477,"fine_concrete"
1478,"soft_pvc"
1479,"concrete"
1480,"wood"
1481,"hard_tiles_large_space"
1482,"concrete"
1483,"soft_pvc"
1484,"wood"
1485,"concrete"
1486,"concrete"
1487,"tiled"
1488,"tiled"
1489,"tiled"
1490,"soft_tiles"
1491,"concrete"
1492,"soft_pvc"
1493,"concrete"
1494,"fine_concrete"
1495,"wood"
1496,"wood"
1497,"tiled"
1498,"soft_pvc"
1499,"hard_tiles_large_space"
1500,"wood"
1501,"concrete"
1502,"soft_pvc"
1503,"wood"
1504,"fine_concrete"
1505,"concrete"
1506,"hard_tiles_large_space"
1507,"soft_pvc"
1508,"wood"
1509,"fine_concrete"
1510,"concrete"
1511,"tiled"
1512,"hard_tiles_large_space"
1513,"fine_concrete"
1514,"fine_concrete"
1515,"concrete"
1516,"fine_concrete"
1517,"soft_tiles"
1518,"concrete"
1519,"fine_concrete"
1520,"soft_pvc"
1521,"wood"
1522,"soft_tiles"
1523,"concrete"
1524,"hard_tiles_large_space"
1525,"wood"
1526,"concrete"
1527,"tiled"
1528,"wood"
1529,"hard_tiles_large_space"
1530,"concrete"
1531,"fine_concrete"
1532,"concrete"
1533,"soft_tiles"
1534,"concrete"
1535,"wood"
1536,"hard_tiles_large_space"
1537,"fine_concrete"
1538,"carpet"
1539,"concrete"
1540,"tiled"
1541,"concrete"
1542,"concrete"
1543,"fine_concrete"
1544,"soft_tiles"
1545,"soft_pvc"
1546,"tiled"
1547,"wood"
1548,"soft_tiles"
1549,"tiled"
1550,"carpet"
1551,"concrete"
1552,"soft_tiles"
1553,"fine_concrete"
1554,"tiled"
1555,"wood"
1556,"concrete"
1557,"fine_concrete"
1558,"soft_pvc"
1559,"soft_pvc"
1560,"wood"
1561,"soft_tiles"
1562,"tiled"
1563,"soft_pvc"
1564,"soft_pvc"
1565,"concrete"
1566,"wood"
1567,"hard_tiles_large_space"
1568,"wood"
1569,"concrete"
1570,"concrete"
1571,"concrete"
1572,"soft_tiles"
1573,"concrete"
1574,"wood"
1575,"concrete"
1576,"soft_tiles"
1577,"tiled"
1578,"tiled"
1579,"carpet"
1580,"fine_concrete"
1581,"soft_pvc"
1582,"concrete"
1583,"fine_concrete"
1584,"concrete"
1585,"concrete"
1586,"concrete"
1587,"tiled"
1588,"hard_tiles_large_space"
1589,"wood"
1590,"wood"
1591,"wood"
1592,"wood"
1593,"concrete"
1594,"wood"
1595,"fine_concrete"
1596,"tiled"
1597,"concrete"
1598,"carpet"
1599,"tiled"
1600,"soft_pvc"
1601,"fine_concrete"
1602,"soft_tiles"
1603,"soft_tiles"
1604,"fine_concrete"
1605,"soft_pvc"
1606,"tiled"
1607,"concrete"
1608,"fine_concrete"
1609,"wood"
1610,"concrete"
1611,"soft_pvc"
1612,"concrete"
1613,"soft_pvc"
1614,"fine_concrete"
1615,"concrete"
1616,"concrete"
1617,"concrete"
1618,"soft_pvc"
1619,"hard_tiles_large_space"
1620,"wood"
1621,"hard_tiles_large_space"
1622,"tiled"
1623,"soft_pvc"
1624,"soft_tiles"
1625,"soft_pvc"
1626,"soft_tiles"
1627,"concrete"
1628,"concrete"
1629,"fine_concrete"
1630,"hard_tiles_large_space"
1631,"concrete"
1632,"soft_pvc"
1633,"fine_concrete"
1634,"hard_tiles_large_space"
1635,"concrete"
1636,"wood"
1637,"wood"
1638,"hard_tiles_large_space"
1639,"wood"
1640,"wood"
1641,"soft_pvc"
1642,"wood"
1643,"fine_concrete"
1644,"hard_tiles_large_space"
1645,"soft_pvc"
1646,"soft_tiles"
1647,"concrete"
1648,"concrete"
1649,"hard_tiles_large_space"
1650,"soft_pvc"
1651,"hard_tiles_large_space"
1652,"concrete"
1653,"wood"
1654,"soft_pvc"
1655,"concrete"
1656,"concrete"
1657,"concrete"
1658,"soft_pvc"
1659,"wood"
1660,"concrete"
1661,"wood"
1662,"concrete"
1663,"wood"
1664,"fine_concrete"
1665,"soft_pvc"
1666,"wood"
1667,"concrete"
1668,"hard_tiles_large_space"
1669,"wood"
1670,"hard_tiles_large_space"
1671,"tiled"
1672,"hard_tiles_large_space"
1673,"soft_pvc"
1674,"wood"
1675,"soft_pvc"
1676,"concrete"
1677,"soft_tiles"
1678,"soft_tiles"
1679,"concrete"
1680,"soft_pvc"
1681,"hard_tiles_large_space"
1682,"tiled"
1683,"concrete"
1684,"concrete"
1685,"tiled"
1686,"concrete"
1687,"carpet"
1688,"concrete"
1689,"concrete"
1690,"hard_tiles_large_space"
1691,"soft_tiles"
1692,"wood"
1693,"tiled"
1694,"carpet"
1695,"wood"
1696,"carpet"
1697,"soft_pvc"
1698,"hard_tiles_large_space"
1699,"concrete"
1700,"concrete"
1701,"wood"
1702,"concrete"
1703,"tiled"
1704,"soft_tiles"
1705,"concrete"
1706,"soft_tiles"
1707,"soft_pvc"
1708,"fine_concrete"
1709,"hard_tiles_large_space"
1710,"concrete"
1711,"soft_tiles"
1712,"concrete"
1713,"hard_tiles_large_space"
1714,"wood"
1715,"tiled"
1716,"soft_pvc"
1717,"wood"
1718,"soft_pvc"
1719,"soft_tiles"
1720,"concrete"
1721,"tiled"
1722,"fine_concrete"
1723,"hard_tiles_large_space"
1724,"hard_tiles_large_space"
1725,"fine_concrete"
1726,"tiled"
1727,"soft_pvc"
1728,"soft_tiles"
1729,"carpet"
1730,"soft_pvc"
1731,"concrete"
1732,"tiled"
1733,"tiled"
1734,"fine_concrete"
1735,"wood"
1736,"concrete"
1737,"wood"
1738,"concrete"
1739,"concrete"
1740,"fine_concrete"
1741,"concrete"
1742,"soft_pvc"
1743,"concrete"
1744,"tiled"
1745,"concrete"
1746,"wood"
1747,"soft_tiles"
1748,"hard_tiles_large_space"
1749,"fine_concrete"
1750,"soft_pvc"
1751,"concrete"
1752,"concrete"
1753,"hard_tiles_large_space"
1754,"carpet"
1755,"concrete"
1756,"concrete"
1757,"concrete"
1758,"tiled"
1759,"concrete"
1760,"carpet"
1761,"concrete"
1762,"tiled"
1763,"wood"
1764,"tiled"
1765,"concrete"
1766,"tiled"
1767,"concrete"
1768,"wood"
1769,"wood"
1770,"wood"
1771,"concrete"
1772,"soft_pvc"
1773,"concrete"
1774,"soft_tiles"
1775,"concrete"
1776,"fine_concrete"
1777,"concrete"
1778,"concrete"
1779,"soft_pvc"
1780,"soft_pvc"
1781,"concrete"
1782,"wood"
1783,"concrete"
1784,"wood"
1785,"concrete"
1786,"soft_tiles"
1787,"hard_tiles_large_space"
1788,"tiled"
1789,"soft_tiles"
1790,"soft_tiles"
1791,"wood"
1792,"concrete"
1793,"soft_pvc"
1794,"concrete"
1795,"hard_tiles_large_space"
1796,"wood"
1797,"concrete"
1798,"concrete"
1799,"soft_pvc"
1800,"concrete"
1801,"soft_pvc"
1802,"soft_pvc"
1803,"wood"
1804,"concrete"
1805,"concrete"
1806,"concrete"
1807,"concrete"
1808,"concrete"
1809,"concrete"
1810,"concrete"
1811,"concrete"
1812,"concrete"
1813,"concrete"
1814,"concrete"
1815,"soft_pvc"
1816,"soft_tiles"
1817,"wood"
1818,"soft_pvc"
1819,"fine_concrete"
1820,"wood"
1821,"fine_concrete"
1822,"soft_tiles"
1823,"fine_concrete"
1824,"wood"
1825,"wood"
1826,"concrete"
1827,"tiled"
1828,"soft_tiles"
1829,"concrete"
1830,"tiled"
1831,"concrete"
1832,"concrete"
1833,"fine_concrete"
1834,"wood"
1835,"tiled"
1836,"concrete"
1837,"soft_pvc"
1838,"soft_tiles"
1839,"concrete"
1840,"hard_tiles_large_space"
1841,"soft_pvc"
1842,"soft_pvc"
1843,"wood"
1844,"wood"
1845,"soft_tiles"
1846,"tiled"
1847,"fine_concrete"
1848,"concrete"
1849,"soft_pvc"
1850,"tiled"
1851,"concrete"
1852,"concrete"
1853,"wood"
1854,"soft_tiles"
1855,"concrete"
1856,"hard_tiles_large_space"
1857,"soft_tiles"
1858,"soft_tiles"
1859,"concrete"
1860,"concrete"
1861,"concrete"
1862,"tiled"
1863,"concrete"
1864,"fine_concrete"
1865,"concrete"
1866,"soft_pvc"
1867,"soft_pvc"
1868,"fine_concrete"
1869,"tiled"
1870,"wood"
1871,"concrete"
1872,"tiled"
1873,"tiled"
1874,"fine_concrete"
1875,"wood"
1876,"concrete"
1877,"wood"
1878,"soft_tiles"
1879,"wood"
1880,"wood"
1881,"tiled"
1882,"soft_pvc"
1883,"wood"
1884,"fine_concrete"
1885,"tiled"
1886,"concrete"
1887,"hard_tiles_large_space"
1888,"concrete"
1889,"concrete"
1890,"concrete"
1891,"fine_concrete"
1892,"tiled"
1893,"soft_pvc"
1894,"fine_concrete"
1895,"concrete"
1896,"carpet"
1897,"wood"
1898,"concrete"
1899,"soft_tiles"
1900,"soft_pvc"
1901,"soft_pvc"
1902,"wood"
1903,"soft_tiles"
1904,"tiled"
1905,"fine_concrete"
1906,"concrete"
1907,"soft_pvc"
1908,"tiled"
1909,"soft_tiles"
1910,"concrete"
1911,"hard_tiles_large_space"
1912,"hard_tiles_large_space"
1913,"hard_tiles_large_space"
1914,"wood"
1915,"soft_pvc"
1916,"soft_tiles"
1917,"wood"
1918,"concrete"
1919,"soft_pvc"
1920,"concrete"
1921,"concrete"
1922,"fine_concrete"
1923,"concrete"
1924,"wood"
1925,"concrete"
1926,"soft_pvc"
1927,"tiled"
1928,"tiled"
1929,"wood"
1930,"concrete"
1931,"concrete"
1932,"soft_pvc"
1933,"tiled"
1934,"tiled"
1935,"wood"
1936,"wood"
1937,"soft_pvc"
1938,"tiled"
1939,"carpet"
1940,"concrete"
1941,"soft_tiles"
1942,"concrete"
1943,"concrete"
1944,"hard_tiles_large_space"
1945,"soft_tiles"
1946,"wood"
1947,"concrete"
1948,"concrete"
1949,"wood"
1950,"soft_pvc"
1951,"wood"
1952,"wood"
1953,"tiled"
1954,"fine_concrete"
1955,"hard_tiles_large_space"
1956,"concrete"
1957,"tiled"
1958,"tiled"
1959,"wood"
1960,"concrete"
1961,"wood"
1962,"concrete"
1963,"hard_tiles_large_space"
1964,"carpet"
1965,"concrete"
1966,"hard_tiles_large_space"
1967,"fine_concrete"
1968,"wood"
1969,"wood"
1970,"wood"
1971,"wood"
1972,"concrete"
1973,"hard_tiles_large_space"
1974,"tiled"
1975,"concrete"
1976,"soft_pvc"
1977,"tiled"
1978,"tiled"
1979,"concrete"
1980,"hard_tiles_large_space"
1981,"concrete"
1982,"fine_concrete"
1983,"tiled"
1984,"concrete"
1985,"carpet"
1986,"soft_pvc"
1987,"wood"
1988,"soft_pvc"
1989,"tiled"
1990,"concrete"
1991,"soft_tiles"
1992,"soft_tiles"
1993,"concrete"
1994,"fine_concrete"
1995,"soft_pvc"
1996,"concrete"
1997,"wood"
1998,"wood"
1999,"hard_tiles_large_space"
2000,"soft_pvc"
2001,"soft_tiles"
2002,"soft_pvc"
2003,"soft_tiles"
2004,"carpet"
2005,"soft_pvc"
2006,"soft_pvc"
2007,"concrete"
2008,"soft_pvc"
2009,"concrete"
2010,"wood"
2011,"tiled"
2012,"concrete"
2013,"wood"
2014,"soft_pvc"
2015,"wood"
2016,"wood"
2017,"soft_tiles"
2018,"concrete"
2019,"concrete"
2020,"hard_tiles_large_space"
2021,"fine_concrete"
2022,"soft_tiles"
2023,"hard_tiles_large_space"
2024,"soft_tiles"
2025,"carpet"
2026,"tiled"
2027,"hard_tiles_large_space"
2028,"soft_pvc"
2029,"soft_pvc"
2030,"tiled"
2031,"fine_concrete"
2032,"wood"
2033,"soft_pvc"
2034,"concrete"
2035,"wood"
2036,"concrete"
2037,"soft_pvc"
2038,"wood"
2039,"tiled"
2040,"concrete"
2041,"carpet"
2042,"soft_pvc"
2043,"concrete"
2044,"tiled"
2045,"tiled"
2046,"wood"
2047,"tiled"
2048,"wood"
2049,"wood"
2050,"tiled"
2051,"soft_pvc"
2052,"concrete"
2053,"soft_tiles"
2054,"wood"
2055,"wood"
2056,"soft_pvc"
2057,"soft_pvc"
2058,"concrete"
2059,"concrete"
2060,"concrete"
2061,"wood"
2062,"concrete"
2063,"soft_tiles"
2064,"concrete"
2065,"soft_pvc"
2066,"concrete"
2067,"soft_pvc"
2068,"carpet"
2069,"carpet"
2070,"concrete"
2071,"wood"
2072,"soft_pvc"
2073,"concrete"
2074,"wood"
2075,"concrete"
2076,"concrete"
2077,"concrete"
2078,"soft_pvc"
2079,"fine_concrete"
2080,"tiled"
2081,"concrete"
2082,"concrete"
2083,"hard_tiles_large_space"
2084,"concrete"
2085,"concrete"
2086,"concrete"
2087,"wood"
2088,"fine_concrete"
2089,"wood"
2090,"concrete"
2091,"soft_pvc"
2092,"concrete"
2093,"wood"
2094,"wood"
2095,"soft_tiles"
2096,"concrete"
2097,"wood"
2098,"wood"
2099,"hard_tiles_large_space"
2100,"carpet"
2101,"concrete"
2102,"concrete"
2103,"fine_concrete"
2104,"fine_concrete"
2105,"soft_pvc"
2106,"concrete"
2107,"hard_tiles_large_space"
2108,"concrete"
2109,"concrete"
2110,"tiled"
2111,"concrete"
2112,"concrete"
2113,"soft_tiles"
2114,"soft_tiles"
2115,"soft_pvc"
2116,"tiled"
2117,"concrete"
2118,"concrete"
2119,"soft_tiles"
2120,"tiled"
2121,"wood"
2122,"soft_tiles"
2123,"soft_pvc"
2124,"soft_pvc"
2125,"concrete"
2126,"fine_concrete"
2127,"fine_concrete"
2128,"concrete"
2129,"tiled"
2130,"wood"
2131,"soft_tiles"
2132,"concrete"
2133,"hard_tiles_large_space"
2134,"concrete"
2135,"concrete"
2136,"hard_tiles_large_space"
2137,"soft_tiles"
2138,"concrete"
2139,"tiled"
2140,"soft_pvc"
2141,"wood"
2142,"soft_pvc"
2143,"tiled"
2144,"soft_tiles"
2145,"wood"
2146,"soft_tiles"
2147,"fine_concrete"
2148,"concrete"
2149,"concrete"
2150,"wood"
2151,"fine_concrete"
2152,"carpet"
2153,"wood"
2154,"fine_concrete"
2155,"soft_tiles"
2156,"fine_concrete"
2157,"fine_concrete"
2158,"soft_tiles"
2159,"concrete"
2160,"concrete"
2161,"concrete"
2162,"concrete"
2163,"hard_tiles_large_space"
2164,"tiled"
2165,"tiled"
2166,"soft_pvc"
2167,"concrete"
2168,"fine_concrete"
2169,"tiled"
2170,"concrete"
2171,"soft_pvc"
2172,"soft_pvc"
2173,"soft_tiles"
2174,"carpet"
2175,"fine_concrete"
2176,"concrete"
2177,"hard_tiles_large_space"
2178,"carpet"
2179,"tiled"
2180,"concrete"
2181,"tiled"
2182,"hard_tiles_large_space"
2183,"wood"
2184,"wood"
2185,"tiled"
2186,"hard_tiles_large_space"
2187,"wood"
2188,"soft_tiles"
2189,"wood"
2190,"tiled"
2191,"soft_tiles"
2192,"concrete"
2193,"wood"
2194,"soft_tiles"
2195,"hard_tiles_large_space"
2196,"concrete"
2197,"soft_pvc"
2198,"soft_tiles"
2199,"hard_tiles_large_space"
2200,"soft_tiles"
2201,"wood"
2202,"concrete"
2203,"concrete"
2204,"concrete"
2205,"concrete"
2206,"fine_concrete"
2207,"wood"
2208,"wood"
2209,"soft_pvc"
2210,"soft_pvc"
2211,"soft_pvc"
2212,"wood"
2213,"fine_concrete"
2214,"fine_concrete"
2215,"tiled"
2216,"wood"
2217,"soft_tiles"
2218,"soft_pvc"
2219,"soft_pvc"
2220,"concrete"
2221,"hard_tiles_large_space"
2222,"tiled"
2223,"fine_concrete"
2224,"carpet"
2225,"concrete"
2226,"wood"
2227,"wood"
2228,"hard_tiles_large_space"
2229,"concrete"
2230,"hard_tiles_large_space"
2231,"wood"
2232,"wood"
2233,"soft_pvc"
2234,"concrete"
2235,"soft_tiles"
2236,"soft_tiles"
2237,"wood"
2238,"concrete"
2239,"soft_pvc"
2240,"wood"
2241,"wood"
2242,"concrete"
2243,"wood"
2244,"soft_tiles"
2245,"fine_concrete"
2246,"carpet"
2247,"fine_concrete"
2248,"tiled"
2249,"hard_tiles_large_space"
2250,"soft_tiles"
2251,"wood"
2252,"wood"
2253,"concrete"
2254,"concrete"
2255,"wood"
2256,"tiled"
2257,"tiled"
2258,"soft_tiles"
2259,"soft_pvc"
2260,"soft_tiles"
2261,"wood"
2262,"wood"
2263,"wood"
2264,"soft_tiles"
2265,"hard_tiles_large_space"
2266,"soft_pvc"
2267,"wood"
2268,"soft_tiles"
2269,"wood"
2270,"concrete"
2271,"wood"
2272,"fine_concrete"
2273,"hard_tiles_large_space"
2274,"concrete"
2275,"hard_tiles_large_space"
2276,"tiled"
2277,"tiled"
2278,"wood"
2279,"wood"
2280,"fine_concrete"
2281,"wood"
2282,"soft_pvc"
2283,"tiled"
2284,"carpet"
2285,"concrete"
2286,"soft_tiles"
2287,"tiled"
2288,"concrete"
2289,"concrete"
2290,"concrete"
2291,"fine_concrete"
2292,"soft_pvc"
2293,"hard_tiles_large_space"
2294,"wood"
2295,"concrete"
2296,"carpet"
2297,"soft_tiles"
2298,"wood"
2299,"soft_pvc"
2300,"soft_pvc"
2301,"fine_concrete"
2302,"wood"
2303,"wood"
2304,"soft_pvc"
2305,"concrete"
2306,"soft_pvc"
2307,"hard_tiles_large_space"
2308,"fine_concrete"
2309,"fine_concrete"
2310,"fine_concrete"
2311,"concrete"
2312,"wood"
2313,"soft_pvc"
2314,"fine_concrete"
2315,"wood"
2316,"wood"
2317,"soft_tiles"
2318,"wood"
2319,"fine_concrete"
2320,"fine_concrete"
2321,"concrete"
2322,"concrete"
2323,"soft_pvc"
2324,"fine_concrete"
2325,"tiled"
2326,"hard_tiles_large_space"
2327,"soft_tiles"
2328,"soft_tiles"
2329,"wood"
2330,"soft_pvc"
2331,"soft_pvc"
2332,"soft_pvc"
2333,"wood"
2334,"wood"
2335,"wood"
2336,"wood"
2337,"soft_pvc"
2338,"concrete"
2339,"soft_pvc"
2340,"concrete"
2341,"fine_concrete"
2342,"wood"
2343,"soft_tiles"
2344,"hard_tiles_large_space"
2345,"concrete"
2346,"concrete"
2347,"hard_tiles_large_space"
2348,"concrete"
2349,"tiled"
2350,"hard_tiles_large_space"
2351,"concrete"
2352,"soft_tiles"
2353,"wood"
2354,"soft_tiles"
2355,"soft_tiles"
2356,"soft_pvc"
2357,"concrete"
2358,"fine_concrete"
2359,"wood"
2360,"wood"
2361,"wood"
2362,"hard_tiles_large_space"
2363,"concrete"
2364,"soft_pvc"
2365,"soft_tiles"
2366,"concrete"
2367,"concrete"
2368,"wood"
2369,"wood"
2370,"soft_tiles"
2371,"soft_pvc"
2372,"soft_pvc"
2373,"wood"
2374,"concrete"
2375,"soft_pvc"
2376,"soft_pvc"
2377,"concrete"
2378,"wood"
2379,"fine_concrete"
2380,"tiled"
2381,"soft_tiles"
2382,"tiled"
2383,"soft_pvc"
2384,"hard_tiles_large_space"
2385,"carpet"
2386,"tiled"
2387,"hard_tiles_large_space"
2388,"concrete"
2389,"soft_pvc"
2390,"soft_pvc"
2391,"soft_tiles"
2392,"soft_pvc"
2393,"carpet"
2394,"soft_tiles"
2395,"concrete"
2396,"soft_pvc"
2397,"concrete"
2398,"fine_concrete"
2399,"concrete"
2400,"wood"
2401,"concrete"
2402,"tiled"
2403,"carpet"
2404,"hard_tiles_large_space"
2405,"tiled"
2406,"fine_concrete"
2407,"soft_tiles"
2408,"concrete"
2409,"concrete"
2410,"soft_pvc"
2411,"soft_pvc"
2412,"tiled"
2413,"carpet"
2414,"carpet"
2415,"carpet"
2416,"concrete"
2417,"tiled"
2418,"soft_pvc"
2419,"soft_tiles"
2420,"carpet"
2421,"soft_tiles"
2422,"tiled"
2423,"carpet"
2424,"soft_tiles"
2425,"carpet"
2426,"wood"
2427,"tiled"
2428,"carpet"
2429,"wood"
2430,"fine_concrete"
2431,"fine_concrete"
2432,"hard_tiles_large_space"
2433,"soft_pvc"
2434,"fine_concrete"
2435,"concrete"
2436,"carpet"
2437,"soft_tiles"
2438,"hard_tiles_large_space"
2439,"soft_pvc"
2440,"soft_pvc"
2441,"wood"
2442,"hard_tiles_large_space"
2443,"wood"
2444,"soft_tiles"
2445,"soft_pvc"
2446,"concrete"
2447,"soft_tiles"
2448,"hard_tiles_large_space"
2449,"fine_concrete"
2450,"concrete"
2451,"concrete"
2452,"wood"
2453,"fine_concrete"
2454,"concrete"
2455,"hard_tiles_large_space"
2456,"wood"
2457,"concrete"
2458,"concrete"
2459,"concrete"
2460,"hard_tiles_large_space"
2461,"wood"
2462,"soft_tiles"
2463,"hard_tiles_large_space"
2464,"wood"
2465,"fine_concrete"
2466,"wood"
2467,"concrete"
2468,"soft_pvc"
2469,"wood"
2470,"carpet"
2471,"hard_tiles_large_space"
2472,"soft_pvc"
2473,"hard_tiles_large_space"
2474,"soft_pvc"
2475,"wood"
2476,"soft_tiles"
2477,"fine_concrete"
2478,"wood"
2479,"soft_pvc"
2480,"concrete"
2481,"soft_tiles"
2482,"soft_tiles"
2483,"concrete"
2484,"carpet"
2485,"hard_tiles_large_space"
2486,"soft_pvc"
2487,"soft_pvc"
2488,"concrete"
2489,"hard_tiles_large_space"
2490,"concrete"
2491,"concrete"
2492,"wood"
2493,"concrete"
2494,"concrete"
2495,"concrete"
2496,"soft_pvc"
2497,"soft_pvc"
2498,"concrete"
2499,"carpet"
2500,"wood"
2501,"concrete"
2502,"soft_tiles"
2503,"wood"
2504,"concrete"
2505,"wood"
2506,"concrete"
2507,"concrete"
2508,"concrete"
2509,"soft_pvc"
2510,"fine_concrete"
2511,"concrete"
2512,"concrete"
2513,"wood"
2514,"concrete"
2515,"fine_concrete"
2516,"wood"
2517,"wood"
2518,"carpet"
2519,"hard_tiles_large_space"
2520,"concrete"
2521,"concrete"
2522,"soft_pvc"
2523,"wood"
2524,"wood"
2525,"soft_tiles"
2526,"soft_tiles"
2527,"tiled"
2528,"carpet"
2529,"soft_tiles"
2530,"wood"
2531,"soft_tiles"
2532,"fine_concrete"
2533,"hard_tiles_large_space"
2534,"concrete"
2535,"concrete"
2536,"wood"
2537,"soft_tiles"
2538,"soft_tiles"
2539,"soft_tiles"
2540,"tiled"
2541,"concrete"
2542,"wood"
2543,"hard_tiles_large_space"
2544,"tiled"
2545,"wood"
2546,"concrete"
2547,"soft_pvc"
2548,"concrete"
2549,"concrete"
2550,"carpet"
2551,"soft_pvc"
2552,"wood"
2553,"tiled"
2554,"tiled"
2555,"fine_concrete"
2556,"tiled"
2557,"concrete"
2558,"wood"
2559,"concrete"
2560,"hard_tiles_large_space"
2561,"soft_tiles"
2562,"concrete"
2563,"hard_tiles_large_space"
2564,"carpet"
2565,"soft_pvc"
2566,"concrete"
2567,"soft_tiles"
2568,"concrete"
2569,"concrete"
2570,"concrete"
2571,"wood"
2572,"wood"
2573,"tiled"
2574,"concrete"
2575,"wood"
2576,"soft_tiles"
2577,"wood"
2578,"wood"
2579,"wood"
2580,"fine_concrete"
2581,"concrete"
2582,"concrete"
2583,"concrete"
2584,"wood"
2585,"concrete"
2586,"hard_tiles_large_space"
2587,"concrete"
2588,"concrete"
2589,"soft_pvc"
2590,"soft_tiles"
2591,"hard_tiles_large_space"
2592,"soft_pvc"
2593,"fine_concrete"
2594,"tiled"
2595,"concrete"
2596,"fine_concrete"
2597,"carpet"
2598,"wood"
2599,"soft_tiles"
2600,"soft_pvc"
2601,"tiled"
2602,"wood"
2603,"concrete"
2604,"tiled"
2605,"concrete"
2606,"soft_pvc"
2607,"wood"
2608,"wood"
2609,"hard_tiles_large_space"
2610,"hard_tiles_large_space"
2611,"tiled"
2612,"concrete"
2613,"concrete"
2614,"concrete"
2615,"wood"
2616,"soft_pvc"
2617,"fine_concrete"
2618,"fine_concrete"
2619,"carpet"
2620,"concrete"
2621,"carpet"
2622,"wood"
2623,"tiled"
2624,"fine_concrete"
2625,"soft_pvc"
2626,"soft_pvc"
2627,"carpet"
2628,"soft_pvc"
2629,"wood"
2630,"concrete"
2631,"tiled"
2632,"concrete"
2633,"wood"
2634,"carpet"
2635,"concrete"
2636,"wood"
2637,"concrete"
2638,"concrete"
2639,"wood"
2640,"hard_tiles_large_space"
2641,"fine_concrete"
2642,"concrete"
2643,"tiled"
2644,"fine_concrete"
2645,"wood"
2646,"wood"
2647,"wood"
2648,"concrete"
2649,"wood"
2650,"tiled"
2651,"concrete"
2652,"fine_concrete"
2653,"fine_concrete"
2654,"soft_pvc"
2655,"tiled"
2656,"concrete"
2657,"soft_pvc"
2658,"hard_tiles_large_space"
2659,"soft_tiles"
2660,"soft_pvc"
2661,"concrete"
2662,"tiled"
2663,"concrete"
2664,"soft_pvc"
2665,"concrete"
2666,"wood"
2667,"wood"
2668,"concrete"
2669,"fine_concrete"
2670,"concrete"
2671,"concrete"
2672,"soft_pvc"
2673,"soft_pvc"
2674,"soft_pvc"
2675,"concrete"
2676,"wood"
2677,"wood"
2678,"hard_tiles_large_space"
2679,"concrete"
2680,"soft_pvc"
2681,"fine_concrete"
2682,"wood"
2683,"concrete"
2684,"concrete"
2685,"concrete"
2686,"wood"
2687,"tiled"
2688,"concrete"
2689,"wood"
2690,"concrete"
2691,"concrete"
2692,"wood"
2693,"soft_pvc"
2694,"soft_tiles"
2695,"tiled"
2696,"tiled"
2697,"hard_tiles_large_space"
2698,"soft_pvc"
2699,"soft_pvc"
2700,"concrete"
2701,"fine_concrete"
2702,"fine_concrete"
2703,"soft_tiles"
2704,"tiled"
2705,"soft_pvc"
2706,"concrete"
2707,"tiled"
2708,"concrete"
2709,"soft_pvc"
2710,"concrete"
2711,"wood"
2712,"wood"
2713,"wood"
2714,"concrete"
2715,"wood"
2716,"tiled"
2717,"wood"
2718,"tiled"
2719,"soft_pvc"
2720,"soft_tiles"
2721,"tiled"
2722,"wood"
2723,"tiled"
2724,"soft_pvc"
2725,"wood"
2726,"tiled"
2727,"concrete"
2728,"wood"
2729,"tiled"
2730,"wood"
2731,"wood"
2732,"carpet"
2733,"hard_tiles_large_space"
2734,"concrete"
2735,"concrete"
2736,"soft_tiles"
2737,"concrete"
2738,"soft_pvc"
2739,"concrete"
2740,"concrete"
2741,"wood"
2742,"concrete"
2743,"concrete"
2744,"soft_pvc"
2745,"concrete"
2746,"hard_tiles_large_space"
2747,"concrete"
2748,"soft_tiles"
2749,"wood"
2750,"soft_pvc"
2751,"wood"
2752,"concrete"
2753,"wood"
2754,"concrete"
2755,"soft_tiles"
2756,"tiled"
2757,"soft_pvc"
2758,"concrete"
2759,"soft_pvc"
2760,"concrete"
2761,"soft_tiles"
2762,"soft_pvc"
2763,"hard_tiles_large_space"
2764,"soft_tiles"
2765,"concrete"
2766,"carpet"
2767,"soft_pvc"
2768,"hard_tiles_large_space"
2769,"concrete"
2770,"hard_tiles_large_space"
2771,"hard_tiles_large_space"
2772,"soft_pvc"
2773,"soft_pvc"
2774,"tiled"
2775,"fine_concrete"
2776,"soft_tiles"
2777,"soft_pvc"
2778,"concrete"
2779,"fine_concrete"
2780,"fine_concrete"
2781,"soft_pvc"
2782,"soft_pvc"
2783,"concrete"
2784,"fine_concrete"
2785,"tiled"
2786,"soft_pvc"
2787,"hard_tiles_large_space"
2788,"hard_tiles_large_space"
2789,"wood"
2790,"hard_tiles_large_space"
2791,"wood"
2792,"soft_tiles"
2793,"concrete"
2794,"soft_tiles"
2795,"soft_pvc"
2796,"carpet"
2797,"soft_pvc"
2798,"soft_tiles"
2799,"hard_tiles_large_space"
2800,"tiled"
2801,"concrete"
2802,"carpet"
2803,"hard_tiles_large_space"
2804,"concrete"
2805,"concrete"
2806,"concrete"
2807,"concrete"
2808,"tiled"
2809,"soft_tiles"
2810,"wood"
2811,"concrete"
2812,"concrete"
2813,"concrete"
2814,"concrete"
2815,"wood"
2816,"carpet"
2817,"wood"
2818,"concrete"
2819,"fine_concrete"
2820,"wood"
2821,"concrete"
2822,"soft_pvc"
2823,"concrete"
2824,"concrete"
2825,"wood"
2826,"soft_pvc"
2827,"tiled"
2828,"soft_tiles"
2829,"tiled"
2830,"concrete"
2831,"tiled"
2832,"concrete"
2833,"concrete"
2834,"tiled"
2835,"soft_pvc"
2836,"soft_tiles"
2837,"concrete"
2838,"soft_tiles"
2839,"soft_pvc"
2840,"fine_concrete"
2841,"concrete"
2842,"carpet"
2843,"soft_pvc"
2844,"wood"
2845,"soft_pvc"
2846,"fine_concrete"
2847,"concrete"
2848,"concrete"
2849,"tiled"
2850,"wood"
2851,"tiled"
2852,"soft_pvc"
2853,"fine_concrete"
2854,"wood"
2855,"soft_pvc"
2856,"tiled"
2857,"fine_concrete"
2858,"wood"
2859,"soft_pvc"
2860,"concrete"
2861,"wood"
2862,"hard_tiles_large_space"
2863,"concrete"
2864,"fine_concrete"
2865,"concrete"
2866,"concrete"
2867,"tiled"
2868,"wood"
2869,"wood"
2870,"soft_pvc"
2871,"concrete"
2872,"concrete"
2873,"carpet"
2874,"soft_pvc"
2875,"tiled"
2876,"soft_pvc"
2877,"concrete"
2878,"concrete"
2879,"soft_tiles"
2880,"hard_tiles_large_space"
2881,"fine_concrete"
2882,"concrete"
2883,"carpet"
2884,"hard_tiles_large_space"
2885,"wood"
2886,"soft_pvc"
2887,"hard_tiles"
2888,"tiled"
2889,"concrete"
2890,"soft_tiles"
2891,"soft_tiles"
2892,"wood"
2893,"hard_tiles_large_space"
2894,"wood"
2895,"wood"
2896,"concrete"
2897,"concrete"
2898,"fine_concrete"
2899,"carpet"
2900,"soft_pvc"
2901,"soft_tiles"
2902,"concrete"
2903,"fine_concrete"
2904,"carpet"
2905,"concrete"
2906,"tiled"
2907,"wood"
2908,"fine_concrete"
2909,"fine_concrete"
2910,"concrete"
2911,"tiled"
2912,"tiled"
2913,"wood"
2914,"tiled"
2915,"concrete"
2916,"fine_concrete"
2917,"fine_concrete"
2918,"concrete"
2919,"soft_pvc"
2920,"wood"
2921,"soft_tiles"
2922,"concrete"
2923,"soft_pvc"
2924,"wood"
2925,"concrete"
2926,"fine_concrete"
2927,"soft_tiles"
2928,"soft_pvc"
2929,"soft_pvc"
2930,"concrete"
2931,"concrete"
2932,"tiled"
2933,"soft_pvc"
2934,"wood"
2935,"soft_pvc"
2936,"fine_concrete"
2937,"wood"
2938,"soft_tiles"
2939,"soft_pvc"
2940,"tiled"
2941,"hard_tiles_large_space"
2942,"hard_tiles_large_space"
2943,"hard_tiles_large_space"
2944,"wood"
2945,"soft_pvc"
2946,"wood"
2947,"fine_concrete"
2948,"soft_pvc"
2949,"concrete"
2950,"hard_tiles_large_space"
2951,"carpet"
2952,"soft_tiles"
2953,"hard_tiles_large_space"
2954,"hard_tiles_large_space"
2955,"soft_tiles"
2956,"concrete"
2957,"concrete"
2958,"fine_concrete"
2959,"fine_concrete"
2960,"tiled"
2961,"hard_tiles_large_space"
2962,"concrete"
2963,"soft_pvc"
2964,"wood"
2965,"soft_tiles"
2966,"wood"
2967,"wood"
2968,"tiled"
2969,"hard_tiles_large_space"
2970,"soft_tiles"
2971,"concrete"
2972,"soft_tiles"
2973,"wood"
2974,"wood"
2975,"wood"
2976,"wood"
2977,"tiled"
2978,"concrete"
2979,"concrete"
2980,"wood"
2981,"concrete"
2982,"wood"
2983,"soft_pvc"
2984,"wood"
2985,"wood"
2986,"concrete"
2987,"wood"
2988,"wood"
2989,"soft_pvc"
2990,"wood"
2991,"concrete"
2992,"wood"
2993,"wood"
2994,"soft_pvc"
2995,"concrete"
2996,"soft_pvc"
2997,"concrete"
2998,"concrete"
2999,"soft_pvc"
3000,"wood"
3001,"soft_pvc"
3002,"fine_concrete"
3003,"tiled"
3004,"carpet"
3005,"fine_concrete"
3006,"tiled"
3007,"soft_tiles"
3008,"soft_tiles"
3009,"concrete"
3010,"soft_tiles"
3011,"soft_tiles"
3012,"wood"
3013,"soft_pvc"
3014,"carpet"
3015,"tiled"
3016,"concrete"
3017,"tiled"
3018,"tiled"
3019,"soft_pvc"
3020,"wood"
3021,"soft_pvc"
3022,"tiled"
3023,"concrete"
3024,"soft_pvc"
3025,"concrete"
3026,"carpet"
3027,"fine_concrete"
3028,"soft_tiles"
3029,"wood"
3030,"soft_tiles"
3031,"concrete"
3032,"concrete"
3033,"hard_tiles_large_space"
3034,"hard_tiles_large_space"
3035,"wood"
3036,"carpet"
3037,"fine_concrete"
3038,"wood"
3039,"soft_pvc"
3040,"soft_pvc"
3041,"concrete"
3042,"concrete"
3043,"concrete"
3044,"concrete"
3045,"carpet"
3046,"wood"
3047,"wood"
3048,"concrete"
3049,"soft_pvc"
3050,"wood"
3051,"soft_tiles"
3052,"concrete"
3053,"concrete"
3054,"hard_tiles_large_space"
3055,"tiled"
3056,"wood"
3057,"soft_tiles"
3058,"wood"
3059,"soft_pvc"
3060,"hard_tiles_large_space"
3061,"carpet"
3062,"soft_pvc"
3063,"tiled"
3064,"soft_pvc"
3065,"fine_concrete"
3066,"concrete"
3067,"concrete"
3068,"concrete"
3069,"concrete"
3070,"tiled"
3071,"concrete"
3072,"soft_pvc"
3073,"wood"
3074,"soft_pvc"
3075,"concrete"
3076,"wood"
3077,"concrete"
3078,"concrete"
3079,"soft_pvc"
3080,"soft_tiles"
3081,"wood"
3082,"concrete"
3083,"soft_pvc"
3084,"soft_tiles"
3085,"concrete"
3086,"soft_pvc"
3087,"carpet"
3088,"soft_pvc"
3089,"soft_pvc"
3090,"concrete"
3091,"fine_concrete"
3092,"wood"
3093,"wood"
3094,"concrete"
3095,"wood"
3096,"fine_concrete"
3097,"hard_tiles_large_space"
3098,"concrete"
3099,"soft_pvc"
3100,"wood"
3101,"tiled"
3102,"soft_tiles"
3103,"wood"
3104,"soft_pvc"
3105,"carpet"
3106,"fine_concrete"
3107,"wood"
3108,"concrete"
3109,"soft_tiles"
3110,"soft_pvc"
3111,"concrete"
3112,"concrete"
3113,"concrete"
3114,"wood"
3115,"concrete"
3116,"wood"
3117,"carpet"
3118,"concrete"
3119,"concrete"
3120,"hard_tiles_large_space"
3121,"soft_pvc"
3122,"soft_tiles"
3123,"wood"
3124,"hard_tiles_large_space"
3125,"soft_pvc"
3126,"wood"
3127,"wood"
3128,"wood"
3129,"soft_tiles"
3130,"hard_tiles_large_space"
3131,"concrete"
3132,"carpet"
3133,"wood"
3134,"tiled"
3135,"hard_tiles_large_space"
3136,"concrete"
3137,"concrete"
3138,"wood"
3139,"soft_tiles"
3140,"soft_pvc"
3141,"wood"
3142,"wood"
3143,"fine_concrete"
3144,"fine_concrete"
3145,"hard_tiles_large_space"
3146,"soft_pvc"
3147,"concrete"
3148,"fine_concrete"
3149,"concrete"
3150,"wood"
3151,"concrete"
3152,"concrete"
3153,"hard_tiles_large_space"
3154,"soft_tiles"
3155,"soft_tiles"
3156,"tiled"
3157,"carpet"
3158,"concrete"
3159,"hard_tiles_large_space"
3160,"concrete"
3161,"fine_concrete"
3162,"wood"
3163,"fine_concrete"
3164,"soft_pvc"
3165,"concrete"
3166,"soft_tiles"
3167,"hard_tiles_large_space"
3168,"tiled"
3169,"soft_pvc"
3170,"hard_tiles_large_space"
3171,"concrete"
3172,"wood"
3173,"concrete"
3174,"fine_concrete"
3175,"wood"
3176,"soft_pvc"
3177,"concrete"
3178,"concrete"
3179,"tiled"
3180,"soft_pvc"
3181,"concrete"
3182,"soft_pvc"
3183,"concrete"
3184,"concrete"
3185,"wood"
3186,"soft_tiles"
3187,"fine_concrete"
3188,"concrete"
3189,"wood"
3190,"wood"
3191,"concrete"
3192,"wood"
3193,"fine_concrete"
3194,"wood"
3195,"concrete"
3196,"concrete"
3197,"soft_pvc"
3198,"concrete"
3199,"concrete"
3200,"fine_concrete"
3201,"concrete"
3202,"concrete"
3203,"concrete"
3204,"concrete"
3205,"hard_tiles_large_space"
3206,"concrete"
3207,"tiled"
3208,"wood"
3209,"concrete"
3210,"soft_pvc"
3211,"concrete"
3212,"tiled"
3213,"soft_pvc"
3214,"tiled"
3215,"soft_pvc"
3216,"fine_concrete"
3217,"wood"
3218,"concrete"
3219,"tiled"
3220,"fine_concrete"
3221,"carpet"
3222,"soft_tiles"
3223,"hard_tiles_large_space"
3224,"tiled"
3225,"soft_tiles"
3226,"concrete"
3227,"soft_tiles"
3228,"soft_pvc"
3229,"soft_pvc"
3230,"fine_concrete"
3231,"soft_tiles"
3232,"soft_pvc"
3233,"hard_tiles_large_space"
3234,"concrete"
3235,"soft_tiles"
3236,"soft_pvc"
3237,"tiled"
3238,"wood"
3239,"hard_tiles_large_space"
3240,"wood"
3241,"carpet"
3242,"soft_pvc"
3243,"hard_tiles_large_space"
3244,"concrete"
3245,"concrete"
3246,"hard_tiles_large_space"
3247,"concrete"
3248,"concrete"
3249,"concrete"
3250,"concrete"
3251,"fine_concrete"
3252,"concrete"
3253,"concrete"
3254,"wood"
3255,"soft_pvc"
3256,"wood"
3257,"wood"
3258,"wood"
3259,"wood"
3260,"wood"
3261,"concrete"
3262,"concrete"
3263,"concrete"
3264,"wood"
3265,"wood"
3266,"tiled"
3267,"wood"
3268,"soft_pvc"
3269,"concrete"
3270,"tiled"
3271,"soft_pvc"
3272,"hard_tiles_large_space"
3273,"fine_concrete"
3274,"concrete"
3275,"wood"
3276,"concrete"
3277,"concrete"
3278,"carpet"
3279,"concrete"
3280,"concrete"
3281,"hard_tiles_large_space"
3282,"fine_concrete"
3283,"wood"
3284,"hard_tiles_large_space"
3285,"soft_pvc"
3286,"fine_concrete"
3287,"concrete"
3288,"fine_concrete"
3289,"soft_tiles"
3290,"concrete"
3291,"soft_pvc"
3292,"soft_pvc"
3293,"wood"
3294,"concrete"
3295,"concrete"
3296,"hard_tiles_large_space"
3297,"tiled"
3298,"concrete"
3299,"wood"
3300,"hard_tiles_large_space"
3301,"tiled"
3302,"concrete"
3303,"concrete"
3304,"tiled"
3305,"fine_concrete"
3306,"concrete"
3307,"soft_pvc"
3308,"wood"
3309,"tiled"
3310,"soft_pvc"
3311,"soft_pvc"
3312,"concrete"
3313,"wood"
3314,"wood"
3315,"fine_concrete"
3316,"carpet"
3317,"hard_tiles_large_space"
3318,"fine_concrete"
3319,"wood"
3320,"fine_concrete"
3321,"soft_tiles"
3322,"fine_concrete"
3323,"wood"
3324,"soft_pvc"
3325,"tiled"
3326,"concrete"
3327,"soft_tiles"
3328,"soft_tiles"
3329,"fine_concrete"
3330,"soft_pvc"
3331,"concrete"
3332,"wood"
3333,"soft_pvc"
3334,"hard_tiles_large_space"
3335,"concrete"
3336,"hard_tiles_large_space"
3337,"wood"
3338,"soft_pvc"
3339,"soft_pvc"
3340,"soft_pvc"
3341,"concrete"
3342,"tiled"
3343,"soft_pvc"
3344,"fine_concrete"
3345,"tiled"
3346,"carpet"
3347,"soft_pvc"
3348,"carpet"
3349,"soft_pvc"
3350,"tiled"
3351,"wood"
3352,"tiled"
3353,"concrete"
3354,"concrete"
3355,"wood"
3356,"soft_pvc"
3357,"concrete"
3358,"hard_tiles_large_space"
3359,"concrete"
3360,"concrete"
3361,"concrete"
3362,"concrete"
3363,"concrete"
3364,"soft_pvc"
3365,"tiled"
3366,"hard_tiles_large_space"
3367,"wood"
3368,"soft_tiles"
3369,"soft_pvc"
3370,"fine_concrete"
3371,"fine_concrete"
3372,"wood"
3373,"tiled"
3374,"wood"
3375,"soft_pvc"
3376,"wood"
3377,"tiled"
3378,"fine_concrete"
3379,"concrete"
3380,"soft_pvc"
3381,"concrete"
3382,"tiled"
3383,"soft_pvc"
3384,"fine_concrete"
3385,"concrete"
3386,"concrete"
3387,"concrete"
3388,"wood"
3389,"hard_tiles_large_space"
3390,"tiled"
3391,"concrete"
3392,"soft_tiles"
3393,"concrete"
3394,"tiled"
3395,"tiled"
3396,"soft_pvc"
3397,"wood"
3398,"soft_pvc"
3399,"fine_concrete"
3400,"soft_tiles"
3401,"wood"
3402,"fine_concrete"
3403,"wood"
3404,"hard_tiles_large_space"
3405,"fine_concrete"
3406,"soft_pvc"
3407,"hard_tiles"
3408,"tiled"
3409,"fine_concrete"
3410,"tiled"
3411,"wood"
3412,"concrete"
3413,"wood"
3414,"wood"
3415,"concrete"
3416,"soft_tiles"
3417,"concrete"
3418,"concrete"
3419,"concrete"
3420,"carpet"
3421,"tiled"
3422,"tiled"
3423,"wood"
3424,"wood"
3425,"concrete"
3426,"concrete"
3427,"concrete"
3428,"soft_tiles"
3429,"concrete"
3430,"concrete"
3431,"concrete"
3432,"concrete"
3433,"tiled"
3434,"tiled"
3435,"soft_tiles"
3436,"carpet"
3437,"carpet"
3438,"soft_pvc"
3439,"soft_tiles"
3440,"carpet"
3441,"wood"
3442,"concrete"
3443,"fine_concrete"
3444,"tiled"
3445,"soft_pvc"
3446,"soft_tiles"
3447,"hard_tiles_large_space"
3448,"soft_pvc"
3449,"concrete"
3450,"soft_pvc"
3451,"concrete"
3452,"soft_pvc"
3453,"fine_concrete"
3454,"soft_tiles"
3455,"wood"
3456,"fine_concrete"
3457,"fine_concrete"
3458,"carpet"
3459,"concrete"
3460,"tiled"
3461,"carpet"
3462,"soft_pvc"
3463,"hard_tiles_large_space"
3464,"carpet"
3465,"carpet"
3466,"wood"
3467,"soft_pvc"
3468,"hard_tiles_large_space"
3469,"concrete"
3470,"wood"
3471,"wood"
3472,"concrete"
3473,"concrete"
3474,"concrete"
3475,"fine_concrete"
3476,"wood"
3477,"hard_tiles_large_space"
3478,"wood"
3479,"soft_pvc"
3480,"concrete"
3481,"carpet"
3482,"soft_pvc"
3483,"concrete"
3484,"wood"
3485,"hard_tiles_large_space"
3486,"hard_tiles_large_space"
3487,"soft_pvc"
3488,"tiled"
3489,"soft_pvc"
3490,"tiled"
3491,"wood"
3492,"tiled"
3493,"soft_tiles"
3494,"wood"
3495,"tiled"
3496,"soft_pvc"
3497,"soft_pvc"
3498,"wood"
3499,"hard_tiles_large_space"
3500,"hard_tiles_large_space"
3501,"wood"
3502,"wood"
3503,"hard_tiles_large_space"
3504,"fine_concrete"
3505,"concrete"
3506,"concrete"
3507,"soft_tiles"
3508,"soft_tiles"
3509,"soft_pvc"
3510,"carpet"
3511,"concrete"
3512,"hard_tiles_large_space"
3513,"concrete"
3514,"hard_tiles_large_space"
3515,"soft_pvc"
3516,"wood"
3517,"concrete"
3518,"wood"
3519,"soft_pvc"
3520,"soft_pvc"
3521,"wood"
3522,"tiled"
3523,"soft_tiles"
3524,"carpet"
3525,"soft_pvc"
3526,"wood"
3527,"tiled"
3528,"wood"
3529,"carpet"
3530,"soft_tiles"
3531,"concrete"
3532,"wood"
3533,"soft_pvc"
3534,"wood"
3535,"soft_pvc"
3536,"hard_tiles_large_space"
3537,"wood"
3538,"concrete"
3539,"concrete"
3540,"fine_concrete"
3541,"concrete"
3542,"soft_tiles"
3543,"concrete"
3544,"tiled"
3545,"wood"
3546,"soft_pvc"
3547,"wood"
3548,"concrete"
3549,"concrete"
3550,"soft_tiles"
3551,"fine_concrete"
3552,"soft_tiles"
3553,"wood"
3554,"wood"
3555,"carpet"
3556,"wood"
3557,"concrete"
3558,"soft_tiles"
3559,"wood"
3560,"hard_tiles_large_space"
3561,"concrete"
3562,"soft_pvc"
3563,"fine_concrete"
3564,"soft_pvc"
3565,"concrete"
3566,"soft_pvc"
3567,"soft_pvc"
3568,"concrete"
3569,"concrete"
3570,"concrete"
3571,"concrete"
3572,"soft_tiles"
3573,"carpet"
3574,"hard_tiles_large_space"
3575,"wood"
3576,"soft_pvc"
3577,"concrete"
3578,"soft_tiles"
3579,"tiled"
3580,"wood"
3581,"concrete"
3582,"concrete"
3583,"fine_concrete"
3584,"wood"
3585,"fine_concrete"
3586,"fine_concrete"
3587,"wood"
3588,"concrete"
3589,"hard_tiles_large_space"
3590,"wood"
3591,"hard_tiles_large_space"
3592,"concrete"
3593,"soft_pvc"
3594,"concrete"
3595,"concrete"
3596,"soft_pvc"
3597,"carpet"
3598,"concrete"
3599,"hard_tiles_large_space"
3600,"wood"
3601,"tiled"
3602,"soft_pvc"
3603,"tiled"
3604,"soft_pvc"
3605,"concrete"
3606,"concrete"
3607,"concrete"
3608,"concrete"
3609,"hard_tiles_large_space"
3610,"concrete"
3611,"carpet"
3612,"wood"
3613,"carpet"
3614,"concrete"
3615,"tiled"
3616,"tiled"
3617,"wood"
3618,"wood"
3619,"tiled"
3620,"hard_tiles_large_space"
3621,"hard_tiles_large_space"
3622,"wood"
3623,"soft_tiles"
3624,"wood"
3625,"concrete"
3626,"soft_tiles"
3627,"wood"
3628,"fine_concrete"
3629,"concrete"
3630,"concrete"
3631,"wood"
3632,"carpet"
3633,"soft_pvc"
3634,"tiled"
3635,"soft_tiles"
3636,"soft_tiles"
3637,"soft_pvc"
3638,"tiled"
3639,"fine_concrete"
3640,"wood"
3641,"concrete"
3642,"wood"
3643,"concrete"
3644,"tiled"
3645,"wood"
3646,"wood"
3647,"soft_pvc"
3648,"soft_tiles"
3649,"concrete"
3650,"soft_pvc"
3651,"wood"
3652,"concrete"
3653,"fine_concrete"
3654,"concrete"
3655,"concrete"
3656,"carpet"
3657,"concrete"
3658,"tiled"
3659,"concrete"
3660,"concrete"
3661,"soft_tiles"
3662,"concrete"
3663,"fine_concrete"
3664,"concrete"
3665,"concrete"
3666,"hard_tiles_large_space"
3667,"carpet"
3668,"hard_tiles_large_space"
3669,"wood"
3670,"wood"
3671,"concrete"
3672,"wood"
3673,"hard_tiles_large_space"
3674,"tiled"
3675,"hard_tiles_large_space"
3676,"fine_concrete"
3677,"fine_concrete"
3678,"concrete"
3679,"tiled"
3680,"concrete"
3681,"soft_pvc"
3682,"concrete"
3683,"concrete"
3684,"wood"
3685,"hard_tiles_large_space"
3686,"hard_tiles_large_space"
3687,"carpet"
3688,"concrete"
3689,"wood"
3690,"tiled"
3691,"concrete"
3692,"tiled"
3693,"soft_pvc"
3694,"hard_tiles_large_space"
3695,"concrete"
3696,"wood"
3697,"concrete"
3698,"carpet"
3699,"soft_tiles"
3700,"wood"
3701,"wood"
3702,"concrete"
3703,"tiled"
3704,"concrete"
3705,"tiled"
3706,"fine_concrete"
3707,"soft_tiles"
3708,"tiled"
3709,"hard_tiles_large_space"
3710,"concrete"
3711,"concrete"
3712,"soft_pvc"
3713,"hard_tiles_large_space"
3714,"concrete"
3715,"concrete"
3716,"concrete"
3717,"fine_concrete"
3718,"concrete"
3719,"concrete"
3720,"tiled"
3721,"soft_tiles"
3722,"concrete"
3723,"concrete"
3724,"concrete"
3725,"soft_pvc"
3726,"tiled"
3727,"tiled"
3728,"carpet"
3729,"concrete"
3730,"concrete"
3731,"soft_pvc"
3732,"tiled"
3733,"soft_pvc"
3734,"concrete"
3735,"hard_tiles_large_space"
3736,"soft_tiles"
3737,"fine_concrete"
3738,"wood"
3739,"soft_tiles"
3740,"soft_pvc"
3741,"concrete"
3742,"tiled"
3743,"soft_pvc"
3744,"concrete"
3745,"soft_pvc"
3746,"wood"
3747,"wood"
3748,"wood"
3749,"wood"
3750,"soft_pvc"
3751,"carpet"
3752,"wood"
3753,"soft_pvc"
3754,"soft_pvc"
3755,"concrete"
3756,"wood"
3757,"soft_pvc"
3758,"wood"
3759,"hard_tiles_large_space"
3760,"concrete"
3761,"carpet"
3762,"wood"
3763,"fine_concrete"
3764,"concrete"
3765,"concrete"
3766,"concrete"
3767,"concrete"
3768,"concrete"
3769,"wood"
3770,"tiled"
3771,"soft_pvc"
3772,"concrete"
3773,"concrete"
3774,"soft_tiles"
3775,"tiled"
3776,"concrete"
3777,"concrete"
3778,"concrete"
3779,"wood"
3780,"soft_pvc"
3781,"soft_pvc"
3782,"fine_concrete"
3783,"concrete"
3784,"soft_tiles"
3785,"hard_tiles_large_space"
3786,"concrete"
3787,"carpet"
3788,"hard_tiles_large_space"
3789,"carpet"
3790,"wood"
3791,"hard_tiles_large_space"
3792,"concrete"
3793,"wood"
3794,"concrete"
3795,"concrete"
3796,"soft_tiles"
3797,"concrete"
3798,"wood"
3799,"concrete"
3800,"soft_tiles"
3801,"carpet"
3802,"fine_concrete"
3803,"concrete"
3804,"concrete"
3805,"wood"
3806,"concrete"
3807,"fine_concrete"
3808,"tiled"
3809,"fine_concrete"
3810,"concrete"
3811,"wood"
3812,"soft_tiles"
3813,"hard_tiles_large_space"
3814,"concrete"
3815,"wood"
